season_year,player_id,clutch_fta,clutch_tov,fta,ftm,tov,tov_3_second_violation,tov_back_court_violation,tov_bad_pass,tov_double_dribble,tov_kicked_ball_violation,tov_lane_violation,tov_lost_ball,tov_offensive_foul,tov_out_of_bounds,tov_palming,tov_traveling,tov_turnover,team_id
2025,player_a_ja_wilson,24.0,3.0,290.0,248.0,89.0,2.0,1.0,25.0,1.0,0.0,0.0,16.0,16.0,23.0,0.0,5.0,0.0,LVA
2025,player_aaliyah_edwards,12.0,1.0,87.0,56.0,41.0,1.0,1.0,8.0,0.0,0.0,0.0,12.0,9.0,8.0,0.0,2.0,0.0,CON
2025,player_aaliyah_nye,4.0,2.0,17.0,14.0,27.0,0.0,0.0,11.0,0.0,0.0,0.0,6.0,3.0,7.0,0.0,0.0,0.0,LVA
2025,player_aari_mcdonald,10.0,1.0,51.0,40.0,46.0,0.0,0.0,22.0,0.0,0.0,0.0,5.0,4.0,11.0,0.0,2.0,2.0,IND
2025,player_aerial_powers,5.0,1.0,19.0,13.0,11.0,0.0,0.0,5.0,0.0,0.0,0.0,1.0,1.0,3.0,0.0,1.0,0.0,GSV
2025,player_alanna_smith,3.0,2.0,65.0,31.0,65.0,0.0,1.0,22.0,0.0,0.0,0.0,9.0,12.0,15.0,0.0,6.0,0.0,MIN
2025,player_alexis_prince,0.0,0.0,0.0,0.0,3.0,0.0,0.0,2.0,0.0,0.0,0.0,0.0,1.0,0.0,0.0,0.0,0.0,PHO
2025,player_alissa_pili,6.0,1.0,15.0,13.0,8.0,0.0,0.0,3.0,0.0,0.0,0.0,1.0,2.0,2.0,0.0,0.0,0.0,LAS
2025,player_aliyah_boston,10.0,1.0,147.0,112.0,81.0,1.0,0.0,20.0,0.0,0.0,0.0,11.0,25.0,16.0,0.0,8.0,0.0,IND
2025,player_allisha_gray,15.0,4.0,232.0,186.0,74.0,0.0,0.0,29.0,0.0,0.0,0.0,20.0,4.0,16.0,1.0,4.0,0.0,ATL
2025,player_alysha_clark,2.0,1.0,26.0,19.0,22.0,0.0,0.0,7.0,0.0,0.0,0.0,3.0,8.0,2.0,0.0,1.0,1.0,WAS
2025,player_alyssa_thomas,24.0,8.0,169.0,117.0,137.0,0.0,0.0,43.0,0.0,0.0,0.0,19.0,22.0,49.0,0.0,4.0,0.0,PHO
2025,player_amy_okonkwo,2.0,1.0,20.0,18.0,7.0,0.0,0.0,2.0,0.0,0.0,0.0,1.0,3.0,0.0,0.0,1.0,0.0,DAL
2025,player_aneesah_morrow,8.0,5.0,95.0,72.0,45.0,1.0,1.0,17.0,2.0,0.0,0.0,12.0,2.0,10.0,0.0,0.0,0.0,CON
2025,player_angel_reese,16.0,5.0,172.0,130.0,119.0,2.0,0.0,44.0,0.0,0.0,0.0,26.0,19.0,18.0,0.0,9.0,1.0,CHI
2025,player_ariel_atkins,8.0,4.0,93.0,80.0,84.0,0.0,1.0,50.0,0.0,0.0,0.0,10.0,8.0,13.0,0.0,2.0,0.0,CHI
2025,player_arike_ogunbowale,14.0,6.0,116.0,108.0,60.0,0.0,0.0,33.0,0.0,0.0,0.0,5.0,14.0,8.0,0.0,0.0,0.0,DAL
2025,player_aziaha_james,6.0,0.0,55.0,41.0,38.0,0.0,0.0,15.0,2.0,0.0,0.0,10.0,1.0,7.0,0.0,3.0,0.0,DAL
2025,player_azura_stevens,12.0,1.0,100.0,79.0,64.0,0.0,2.0,27.0,0.0,0.0,1.0,8.0,5.0,18.0,0.0,3.0,0.0,LAS
2025,player_breanna_stewart,18.0,5.0,202.0,169.0,61.0,0.0,2.0,20.0,0.0,0.0,0.0,17.0,7.0,11.0,0.0,4.0,0.0,NYL
2025,player_bree_hall,3.0,2.0,3.0,1.0,3.0,0.0,0.0,0.0,0.0,0.0,0.0,2.0,0.0,0.0,0.0,1.0,0.0,IND
2025,player_bria_hartley,14.0,1.0,92.0,71.0,69.0,0.0,1.0,29.0,1.0,0.0,0.0,11.0,7.0,16.0,0.0,4.0,0.0,CON
2025,player_brianna_turner,0.0,0.0,8.0,4.0,9.0,0.0,0.0,5.0,0.0,0.0,0.0,2.0,1.0,1.0,0.0,0.0,0.0,IND
2025,player_bridget_carleton,0.0,2.0,25.0,18.0,33.0,0.0,1.0,12.0,0.0,0.0,0.0,7.0,4.0,6.0,0.0,3.0,0.0,MIN
2025,player_brionna_jones,6.0,4.0,132.0,102.0,64.0,0.0,0.0,13.0,0.0,0.0,0.0,17.0,15.0,7.0,0.0,12.0,0.0,ATL
2025,player_brittney_griner,0.0,2.0,85.0,65.0,59.0,3.0,0.0,12.0,1.0,0.0,0.0,7.0,27.0,5.0,0.0,4.0,0.0,ATL
2025,player_brittney_sykes,29.0,6.0,219.0,171.0,100.0,0.0,0.0,44.0,1.0,0.0,0.0,16.0,5.0,29.0,0.0,4.0,1.0,SEA
2025,player_caitlin_clark,6.0,2.0,50.0,41.0,66.0,0.0,1.0,27.0,0.0,0.0,0.0,16.0,2.0,16.0,0.0,4.0,0.0,IND
2025,player_cameron_brink,2.0,0.0,21.0,16.0,25.0,0.0,0.0,6.0,0.0,0.0,0.0,7.0,8.0,3.0,0.0,1.0,0.0,LAS
2025,player_camryn_taylor,0.0,1.0,2.0,0.0,3.0,0.0,0.0,1.0,0.0,0.0,0.0,1.0,1.0,0.0,0.0,0.0,0.0,MIN
2025,player_carla_leite,7.0,1.0,99.0,83.0,57.0,0.0,1.0,29.0,0.0,0.0,0.0,8.0,1.0,14.0,0.0,3.0,1.0,GSV
2025,player_cecilia_zandalasini,2.0,1.0,32.0,28.0,25.0,0.0,0.0,9.0,0.0,0.0,0.0,11.0,1.0,3.0,0.0,1.0,0.0,GSV
2025,player_chelsea_gray,8.0,6.0,104.0,92.0,125.0,0.0,0.0,59.0,1.0,0.0,0.0,15.0,8.0,39.0,0.0,3.0,0.0,LVA
2025,player_cheyenne_parker_tyus,2.0,0.0,6.0,5.0,1.0,0.0,0.0,1.0,0.0,0.0,0.0,0.0,0.0,0.0,0.0,0.0,0.0,LVA
2025,player_chloe_bibby,0.0,1.0,9.0,8.0,7.0,0.0,0.0,4.0,0.0,0.0,0.0,1.0,1.0,1.0,0.0,0.0,0.0,GSV
2025,player_christyn_williams,2.0,0.0,6.0,4.0,1.0,0.0,0.0,1.0,0.0,0.0,0.0,0.0,0.0,0.0,0.0,0.0,0.0,DAL
2025,player_courtney_vandersloot,0.0,1.0,13.0,11.0,17.0,0.0,0.0,5.0,0.0,0.0,0.0,5.0,0.0,5.0,0.0,1.0,1.0,CHI
2025,player_courtney_williams,4.0,5.0,53.0,45.0,102.0,0.0,2.0,53.0,1.0,0.0,0.0,13.0,4.0,27.0,0.0,2.0,0.0,MIN
2025,player_crystal_bradford,0.0,0.0,0.0,0.0,1.0,0.0,0.0,0.0,0.0,0.0,0.0,0.0,0.0,1.0,0.0,0.0,0.0,LVA
2025,player_damiris_dantas,2.0,0.0,28.0,24.0,29.0,0.0,0.0,12.0,0.0,0.0,1.0,4.0,7.0,3.0,0.0,2.0,0.0,IND
2025,player_dana_evans,7.0,4.0,53.0,40.0,37.0,0.0,1.0,24.0,0.0,0.0,0.0,3.0,0.0,8.0,0.0,1.0,0.0,LVA
2025,player_dearica_hamby,21.0,6.0,236.0,148.0,117.0,1.0,1.0,42.0,0.0,0.0,0.0,24.0,14.0,28.0,0.0,7.0,0.0,LAS
2025,player_dewanna_bonner,12.0,1.0,86.0,75.0,28.0,0.0,0.0,10.0,0.0,0.0,0.0,6.0,0.0,11.0,0.0,0.0,1.0,IND
2025,player_diamond_miller,4.0,1.0,46.0,35.0,34.0,0.0,0.0,6.0,0.0,0.0,0.0,10.0,6.0,11.0,0.0,1.0,0.0,DAL
2025,player_dijonai_carrington,6.0,5.0,82.0,66.0,59.0,0.0,1.0,34.0,0.0,0.0,0.0,11.0,2.0,11.0,0.0,0.0,0.0,MIN
2025,player_dominique_malonga,3.0,2.0,51.0,29.0,48.0,3.0,0.0,14.0,0.0,0.0,1.0,5.0,8.0,7.0,0.0,10.0,0.0,SEA
2025,player_elizabeth_kitley,0.0,0.0,2.0,1.0,7.0,0.0,0.0,2.0,0.0,0.0,0.0,0.0,4.0,1.0,0.0,0.0,0.0,LVA
2025,player_elizabeth_williams,2.0,1.0,81.0,50.0,56.0,0.0,0.0,23.0,0.0,0.0,0.0,11.0,7.0,10.0,0.0,5.0,0.0,CHI
2025,player_emily_engstler,4.0,2.0,36.0,24.0,38.0,0.0,0.0,14.0,0.0,0.0,0.0,3.0,6.0,12.0,0.0,1.0,2.0,WAS
2025,player_emma_cannon,4.0,2.0,23.0,15.0,16.0,0.0,0.0,3.0,0.0,0.0,0.0,2.0,7.0,2.0,0.0,2.0,0.0,LAS
2025,player_emma_meesseman,2.0,1.0,37.0,32.0,36.0,0.0,0.0,14.0,0.0,0.0,0.0,8.0,5.0,5.0,0.0,4.0,0.0,NYL
2025,player_erica_wheeler,7.0,4.0,50.0,43.0,68.0,0.0,0.0,36.0,1.0,0.0,0.0,7.0,2.0,16.0,0.0,5.0,1.0,SEA
2025,player_ezi_magbegor,4.0,0.0,83.0,57.0,43.0,1.0,0.0,13.0,0.0,0.0,0.0,5.0,11.0,9.0,0.0,4.0,0.0,SEA
2025,player_gabby_williams,19.0,6.0,77.0,66.0,85.0,0.0,0.0,44.0,0.0,0.0,0.0,16.0,4.0,19.0,0.0,2.0,0.0,SEA
2025,player_grace_berger,0.0,2.0,15.0,10.0,21.0,0.0,0.0,10.0,0.0,0.0,0.0,2.0,2.0,7.0,0.0,0.0,0.0,LAS
2025,player_hailey_van_lith,4.0,2.0,31.0,23.0,36.0,0.0,1.0,20.0,0.0,0.0,0.0,3.0,1.0,9.0,0.0,2.0,0.0,CHI
2025,player_haley_jones,2.0,0.0,35.0,22.0,48.0,0.0,1.0,16.0,0.0,0.0,0.0,9.0,8.0,11.0,0.0,3.0,0.0,PHO
2025,player_haley_peters,2.0,0.0,13.0,10.0,22.0,0.0,0.0,8.0,0.0,0.0,0.0,2.0,6.0,3.0,0.0,3.0,0.0,CON
2025,player_iliana_rupert,0.0,1.0,16.0,15.0,20.0,0.0,0.0,6.0,0.0,0.0,0.0,2.0,8.0,1.0,0.0,3.0,0.0,GSV
2025,player_isabelle_harrison,3.0,2.0,43.0,33.0,23.0,0.0,0.0,5.0,0.0,1.0,0.0,7.0,5.0,3.0,0.0,2.0,0.0,NYL
2025,player_jackie_young,24.0,7.0,142.0,127.0,98.0,1.0,1.0,43.0,0.0,0.0,0.0,18.0,8.0,22.0,0.0,5.0,0.0,LVA
2025,player_jacy_sheldon,3.0,1.0,25.0,22.0,31.0,0.0,0.0,20.0,0.0,0.0,0.0,3.0,1.0,6.0,0.0,1.0,0.0,WAS
2025,player_jade_melbourne,11.0,3.0,73.0,49.0,72.0,0.0,0.0,31.0,0.0,0.0,0.0,12.0,3.0,20.0,0.0,6.0,0.0,WAS
2025,player_jaelyn_brown,0.0,1.0,2.0,1.0,5.0,0.0,0.0,2.0,0.0,0.0,0.0,3.0,0.0,0.0,0.0,0.0,0.0,CON
2025,player_janelle_sala_n,6.0,1.0,62.0,50.0,53.0,0.0,1.0,18.0,0.0,0.0,0.0,13.0,6.0,5.0,0.0,9.0,1.0,GSV
2025,player_jaylyn_sherrod,5.0,4.0,13.0,9.0,12.0,0.0,0.0,4.0,0.0,0.0,0.0,1.0,1.0,5.0,0.0,1.0,0.0,MIN
2025,player_jessica_shepard,7.0,0.0,103.0,56.0,58.0,0.0,0.0,14.0,0.0,0.0,0.0,11.0,8.0,15.0,0.0,10.0,0.0,MIN
2025,player_jewell_loyd,4.0,1.0,71.0,59.0,53.0,0.0,1.0,20.0,0.0,1.0,0.0,12.0,7.0,10.0,0.0,1.0,1.0,LVA
2025,player_jj_quinerly,4.0,3.0,45.0,39.0,52.0,0.0,1.0,23.0,0.0,0.0,0.0,10.0,1.0,11.0,1.0,4.0,1.0,DAL
2025,player_jonquel_jones,2.0,2.0,91.0,70.0,65.0,0.0,0.0,16.0,1.0,0.0,0.0,15.0,18.0,13.0,0.0,2.0,0.0,NYL
2025,player_jordin_canada,14.0,3.0,96.0,73.0,62.0,0.0,1.0,33.0,1.0,0.0,0.0,15.0,1.0,9.0,0.0,2.0,0.0,ATL
2025,player_joyner_holmes,0.0,0.0,0.0,0.0,2.0,0.0,0.0,0.0,0.0,0.0,0.0,0.0,1.0,1.0,0.0,0.0,0.0,LVA
2025,player_julie_allemand,2.0,3.0,19.0,15.0,53.0,0.0,0.0,32.0,0.0,0.0,0.0,9.0,0.0,10.0,0.0,1.0,1.0,LAS
2025,player_julie_vanloo,1.0,4.0,10.0,8.0,49.0,0.0,0.0,26.0,0.0,0.0,0.0,2.0,3.0,13.0,0.0,4.0,1.0,GSV
2025,player_kahleah_copper,4.0,0.0,88.0,75.0,62.0,0.0,1.0,22.0,0.0,0.0,0.0,13.0,7.0,17.0,0.0,2.0,0.0,PHO
2025,player_kaila_charles,6.0,2.0,49.0,40.0,38.0,0.0,0.0,13.0,0.0,0.0,0.0,12.0,2.0,7.0,0.0,4.0,0.0,DAL
2025,player_kaitlyn_chen,2.0,2.0,7.0,5.0,18.0,0.0,0.0,9.0,0.0,0.0,0.0,4.0,0.0,5.0,0.0,0.0,0.0,GSV
2025,player_kalani_brown,2.0,1.0,35.0,27.0,23.0,0.0,0.0,6.0,0.0,0.0,1.0,4.0,8.0,4.0,0.0,0.0,0.0,PHO
2025,player_kamilla_cardoso,4.0,1.0,133.0,96.0,97.0,2.0,0.0,34.0,1.0,0.0,0.0,10.0,17.0,23.0,0.0,10.0,0.0,CHI
2025,player_kariata_diaby,3.0,2.0,14.0,11.0,12.0,0.0,0.0,1.0,0.0,0.0,1.0,0.0,6.0,2.0,0.0,2.0,0.0,CON
2025,player_karlie_samuelson,0.0,1.0,14.0,13.0,11.0,0.0,0.0,4.0,0.0,0.0,0.0,3.0,1.0,2.0,0.0,1.0,0.0,MIN
2025,player_kate_martin,3.0,4.0,41.0,32.0,34.0,0.0,0.0,13.0,0.0,1.0,0.0,7.0,2.0,5.0,0.0,4.0,2.0,GSV
2025,player_kathryn_westbeld,2.0,3.0,32.0,25.0,24.0,0.0,1.0,6.0,1.0,0.0,0.0,11.0,0.0,3.0,1.0,1.0,0.0,PHO
2025,player_kayla_mcbride,31.0,0.0,108.0,98.0,68.0,0.0,0.0,32.0,0.0,0.0,0.0,15.0,4.0,16.0,0.0,0.0,1.0,MIN
2025,player_kayla_thornton,8.0,3.0,84.0,70.0,36.0,1.0,0.0,5.0,0.0,0.0,0.0,12.0,4.0,7.0,0.0,7.0,0.0,GSV
2025,player_kelsey_mitchell,19.0,5.0,191.0,150.0,78.0,0.0,2.0,29.0,1.0,0.0,0.0,10.0,7.0,21.0,0.0,8.0,0.0,IND
2025,player_kelsey_plum,47.0,7.0,245.0,219.0,133.0,0.0,0.0,53.0,0.0,0.0,0.0,28.0,16.0,29.0,0.0,6.0,1.0,LAS
2025,player_kennedy_burke,2.0,2.0,54.0,41.0,34.0,0.0,1.0,9.0,0.0,0.0,0.0,9.0,2.0,12.0,0.0,1.0,0.0,NYL
2025,player_kia_nurse,8.0,5.0,62.0,49.0,55.0,0.0,1.0,25.0,0.0,0.0,1.0,9.0,8.0,9.0,0.0,2.0,0.0,CHI
2025,player_kiah_stokes,0.0,1.0,8.0,5.0,16.0,1.0,0.0,3.0,0.0,0.0,0.0,4.0,7.0,1.0,0.0,0.0,0.0,LVA
2025,player_kiana_williams,2.0,0.0,4.0,2.0,6.0,0.0,0.0,3.0,0.0,0.0,0.0,1.0,0.0,2.0,0.0,0.0,0.0,PHO
2025,player_kierstan_bell,4.0,2.0,15.0,12.0,17.0,0.0,0.0,8.0,0.0,0.0,0.0,4.0,0.0,3.0,0.0,1.0,1.0,LVA
2025,player_kiki_iriafen,9.0,2.0,177.0,139.0,98.0,1.0,0.0,22.0,0.0,0.0,0.0,28.0,24.0,9.0,0.0,14.0,0.0,WAS
2025,player_kitija_laksa,2.0,0.0,32.0,26.0,19.0,0.0,0.0,9.0,0.0,0.0,0.0,3.0,3.0,3.0,0.0,1.0,0.0,PHO
2025,player_kyara_linskens,0.0,0.0,0.0,0.0,2.0,0.0,0.0,1.0,0.0,0.0,0.0,0.0,0.0,1.0,0.0,0.0,0.0,GSV
2025,player_laeticia_amihere,7.0,3.0,63.0,49.0,32.0,0.0,0.0,5.0,0.0,0.0,0.0,11.0,7.0,2.0,0.0,7.0,0.0,GSV
2025,player_le_la_lacan,11.0,3.0,42.0,36.0,47.0,0.0,0.0,13.0,0.0,0.0,0.0,5.0,1.0,26.0,0.0,2.0,0.0,CON
2025,player_leonie_fiebich,6.0,1.0,62.0,54.0,45.0,0.0,1.0,17.0,0.0,0.0,0.0,8.0,6.0,11.0,0.0,2.0,0.0,NYL
2025,player_lexi_held,2.0,3.0,19.0,16.0,26.0,0.0,0.0,12.0,0.0,0.0,0.0,8.0,0.0,6.0,0.0,0.0,0.0,PHO
2025,player_lexie_brown,0.0,2.0,10.0,7.0,6.0,0.0,0.0,0.0,0.0,0.0,0.0,2.0,3.0,1.0,0.0,0.0,0.0,SEA
2025,player_lexie_hull,2.0,1.0,36.0,26.0,41.0,0.0,1.0,17.0,0.0,0.0,0.0,12.0,2.0,9.0,0.0,0.0,0.0,IND
2025,player_li_yueru,0.0,1.0,50.0,43.0,30.0,0.0,0.0,8.0,0.0,0.0,0.0,7.0,7.0,7.0,0.0,1.0,0.0,SEA
2025,player_liatu_king,0.0,2.0,15.0,11.0,11.0,0.0,0.0,4.0,0.0,0.0,0.0,3.0,1.0,1.0,0.0,2.0,0.0,DAL
2025,player_lindsay_allen,0.0,1.0,23.0,19.0,31.0,0.0,0.0,20.0,0.0,0.0,0.0,3.0,0.0,7.0,0.0,1.0,0.0,CON
2025,player_lucy_olsen,1.0,3.0,17.0,14.0,21.0,0.0,0.0,8.0,1.0,0.0,0.0,7.0,3.0,1.0,0.0,1.0,0.0,WAS
2025,player_luisa_geiselsoder,0.0,2.0,11.0,9.0,28.0,0.0,0.0,14.0,0.0,0.0,0.0,2.0,8.0,3.0,0.0,1.0,0.0,DAL
2025,player_maddy_siegrist,0.0,1.0,58.0,40.0,14.0,0.0,0.0,5.0,0.0,0.0,0.0,5.0,0.0,4.0,0.0,0.0,0.0,DAL
2025,player_maddy_westbeld,2.0,0.0,16.0,14.0,16.0,0.0,0.0,5.0,0.0,0.0,0.0,4.0,3.0,3.0,0.0,1.0,0.0,CHI
2025,player_madison_scott,4.0,0.0,4.0,4.0,1.0,0.0,0.0,1.0,0.0,0.0,0.0,0.0,0.0,0.0,0.0,0.0,0.0,WAS
2025,player_makayla_timpson,6.0,0.0,27.0,18.0,8.0,0.0,0.0,1.0,0.0,0.0,0.0,1.0,2.0,4.0,0.0,0.0,0.0,IND
2025,player_mamignan_tour,0.0,0.0,0.0,0.0,8.0,0.0,0.0,3.0,0.0,0.0,0.0,4.0,0.0,0.0,0.0,1.0,0.0,CON
2025,player_mari_me_badiane,0.0,0.0,0.0,0.0,2.0,0.0,0.0,1.0,0.0,0.0,0.0,0.0,1.0,0.0,0.0,0.0,0.0,MIN
2025,player_maria_kliundikova,2.0,1.0,21.0,12.0,23.0,0.0,0.0,8.0,0.0,0.0,0.0,5.0,5.0,1.0,0.0,4.0,0.0,MIN
2025,player_marina_mabrey,6.0,0.0,92.0,80.0,98.0,0.0,1.0,44.0,0.0,0.0,0.0,16.0,14.0,17.0,0.0,6.0,0.0,CON
2025,player_marine_johannes,0.0,1.0,19.0,16.0,52.0,0.0,0.0,28.0,0.0,0.0,0.0,7.0,0.0,12.0,0.0,5.0,0.0,NYL
2025,player_marquesha_davis,3.0,0.0,7.0,6.0,6.0,0.0,0.0,1.0,0.0,0.0,0.0,1.0,0.0,3.0,0.0,0.0,1.0,CHI
2025,player_maya_caldwell,2.0,3.0,20.0,16.0,40.0,0.0,1.0,20.0,1.0,0.0,0.0,9.0,0.0,5.0,0.0,4.0,0.0,ATL
2025,player_megan_gustafson,0.0,0.0,15.0,7.0,6.0,0.0,0.0,1.0,0.0,0.0,0.0,1.0,3.0,1.0,0.0,0.0,0.0,LVA
2025,player_mercedes_russell,0.0,0.0,14.0,10.0,7.0,0.0,0.0,2.0,0.0,0.0,0.0,1.0,2.0,2.0,0.0,0.0,0.0,LAS
2025,player_michaela_onyenwere,0.0,3.0,51.0,43.0,56.0,0.0,0.0,11.0,0.0,0.0,0.0,15.0,11.0,13.0,1.0,4.0,1.0,CHI
2025,player_monique_akoa_makani,6.0,5.0,41.0,38.0,55.0,0.0,0.0,29.0,0.0,0.0,0.0,10.0,3.0,12.0,0.0,1.0,0.0,PHO
2025,player_monique_billings,2.0,2.0,53.0,36.0,21.0,1.0,0.0,5.0,0.0,0.0,0.0,4.0,5.0,4.0,0.0,2.0,0.0,GSV
2025,player_moriah_jefferson,0.0,0.0,0.0,0.0,2.0,0.0,0.0,0.0,0.0,0.0,0.0,0.0,0.0,2.0,0.0,0.0,0.0,CHI
2025,player_murjanatu_musa,0.0,1.0,11.0,7.0,7.0,0.0,0.0,3.0,0.0,0.0,0.0,0.0,3.0,1.0,0.0,0.0,0.0,PHO
2025,player_myisha_hines_allen,12.0,2.0,83.0,62.0,87.0,0.0,0.0,28.0,0.0,0.0,0.0,11.0,16.0,22.0,0.0,10.0,0.0,DAL
2025,player_nalyssa_smith,4.0,0.0,108.0,66.0,51.0,0.0,0.0,13.0,1.0,0.0,0.0,13.0,16.0,6.0,0.0,2.0,0.0,DAL
2025,player_napheesa_collier,20.0,5.0,177.0,161.0,71.0,3.0,0.0,12.0,0.0,0.0,0.0,20.0,18.0,13.0,1.0,4.0,0.0,MIN
2025,player_natasha_cloud,8.0,5.0,69.0,60.0,77.0,0.0,2.0,46.0,1.0,0.0,0.0,2.0,5.0,19.0,0.0,0.0,2.0,NYL
2025,player_natasha_howard,0.0,2.0,132.0,94.0,85.0,0.0,0.0,26.0,0.0,0.0,0.0,13.0,12.0,14.0,0.0,20.0,0.0,IND
2025,player_natasha_mack,0.0,1.0,36.0,17.0,15.0,0.0,0.0,7.0,0.0,0.0,0.0,2.0,2.0,3.0,0.0,1.0,0.0,PHO
2025,player_natisha_hiedeman,6.0,1.0,67.0,51.0,54.0,0.0,0.0,24.0,0.0,0.0,0.0,8.0,1.0,20.0,0.0,1.0,0.0,MIN
2025,player_naz_hillmon,5.0,2.0,59.0,49.0,50.0,0.0,0.0,23.0,0.0,0.0,0.0,6.0,7.0,9.0,0.0,4.0,1.0,ATL
2025,player_nia_coffey,5.0,3.0,50.0,36.0,30.0,0.0,1.0,9.0,0.0,0.0,0.0,3.0,4.0,8.0,0.0,5.0,0.0,ATL
2025,player_nneka_ogwumike,10.0,2.0,118.0,97.0,87.0,0.0,1.0,32.0,0.0,0.0,0.0,20.0,14.0,17.0,0.0,3.0,0.0,SEA
2025,player_nyara_sabally,4.0,0.0,25.0,17.0,16.0,0.0,0.0,1.0,0.0,0.0,0.0,2.0,7.0,6.0,0.0,0.0,0.0,NYL
2025,player_odyssey_sims,2.0,0.0,55.0,43.0,33.0,0.0,0.0,14.0,1.0,0.0,0.0,4.0,3.0,11.0,0.0,0.0,0.0,LAS
2025,player_olivia_nelson_ododa,8.0,0.0,111.0,78.0,40.0,0.0,0.0,6.0,0.0,0.0,0.0,8.0,14.0,9.0,0.0,3.0,0.0,CON
2025,player_paige_bueckers,9.0,0.0,153.0,136.0,72.0,0.0,0.0,36.0,0.0,0.0,0.0,16.0,2.0,17.0,0.0,1.0,0.0,DAL
2025,player_rachel_banham,10.0,5.0,59.0,52.0,71.0,0.0,0.0,44.0,0.0,0.0,0.0,12.0,3.0,10.0,0.0,2.0,0.0,CHI
2025,player_rae_burrell,8.0,0.0,47.0,35.0,25.0,0.0,1.0,9.0,0.0,0.0,0.0,7.0,1.0,6.0,0.0,1.0,0.0,LAS
2025,player_rayah_marshall,6.0,1.0,12.0,7.0,7.0,1.0,0.0,3.0,0.0,0.0,0.0,2.0,0.0,1.0,0.0,0.0,0.0,CON
2025,player_rebecca_allen,0.0,2.0,31.0,19.0,39.0,0.0,0.0,21.0,0.0,0.0,1.0,7.0,0.0,7.0,0.0,3.0,0.0,CHI
2025,player_rebekah_gardner,0.0,2.0,27.0,22.0,23.0,1.0,0.0,6.0,0.0,0.0,0.0,4.0,3.0,5.0,0.0,4.0,0.0,NYL
2025,player_rhyne_howard,19.0,4.0,118.0,101.0,55.0,0.0,0.0,28.0,0.0,0.0,1.0,11.0,3.0,12.0,0.0,0.0,0.0,ATL
2025,player_rickea_jackson,8.0,3.0,98.0,83.0,78.0,0.0,1.0,27.0,1.0,0.0,0.0,24.0,4.0,15.0,0.0,6.0,0.0,LAS
2025,player_robyn_parks,0.0,0.0,0.0,0.0,1.0,0.0,0.0,0.0,0.0,0.0,0.0,0.0,1.0,0.0,0.0,0.0,0.0,CON
2025,player_sabrina_ionescu,30.0,3.0,165.0,154.0,100.0,0.0,0.0,40.0,0.0,0.0,0.0,16.0,4.0,37.0,0.0,2.0,1.0,NYL
2025,player_sami_whitcomb,12.0,3.0,54.0,46.0,67.0,0.0,0.0,33.0,0.0,0.0,0.0,12.0,4.0,15.0,0.0,2.0,1.0,PHO
2025,player_sania_feagin,0.0,0.0,2.0,0.0,7.0,0.0,0.0,2.0,0.0,0.0,0.0,3.0,2.0,0.0,0.0,0.0,0.0,LAS
2025,player_saniya_rivers,13.0,2.0,59.0,44.0,62.0,0.0,0.0,33.0,0.0,0.0,0.0,6.0,2.0,18.0,0.0,3.0,0.0,CON
2025,player_sarah_ashlee_barker,0.0,1.0,24.0,17.0,37.0,0.0,0.0,18.0,0.0,0.0,0.0,8.0,0.0,11.0,0.0,0.0,0.0,LAS
2025,player_satou_sabally,19.0,5.0,185.0,153.0,77.0,0.0,2.0,32.0,0.0,0.0,0.0,9.0,13.0,13.0,0.0,7.0,1.0,PHO
2025,player_serena_sundell,0.0,0.0,0.0,0.0,2.0,0.0,0.0,1.0,0.0,0.0,0.0,1.0,0.0,0.0,0.0,0.0,0.0,DAL
2025,player_sevgi_uzun,2.0,1.0,16.0,11.0,43.0,0.0,0.0,26.0,0.0,0.0,0.0,11.0,0.0,4.0,0.0,1.0,1.0,PHO
2025,player_shakira_austin,13.0,2.0,146.0,97.0,92.0,4.0,0.0,28.0,1.0,0.0,0.0,23.0,7.0,21.0,0.0,8.0,0.0,WAS
2025,player_shatori_walker_kimbrough,0.0,0.0,11.0,8.0,15.0,0.0,0.0,5.0,0.0,0.0,0.0,2.0,2.0,5.0,0.0,1.0,0.0,ATL
2025,player_shey_peddy,3.0,2.0,9.0,7.0,13.0,0.0,1.0,7.0,0.0,0.0,0.0,0.0,0.0,4.0,0.0,1.0,0.0,LAS
2025,player_sika_kon,8.0,1.0,13.0,12.0,6.0,0.0,0.0,0.0,0.0,0.0,0.0,1.0,0.0,3.0,1.0,1.0,0.0,ATL
2025,player_skylar_diggins,24.0,3.0,191.0,151.0,92.0,0.0,0.0,45.0,0.0,0.0,0.0,15.0,5.0,20.0,0.0,6.0,1.0,SEA
2025,player_sonia_citron,21.0,6.0,149.0,130.0,92.0,0.0,0.0,45.0,1.0,0.0,0.0,18.0,2.0,22.0,0.0,3.0,1.0,WAS
2025,player_sophie_cunningham,6.0,0.0,48.0,42.0,34.0,0.0,1.0,5.0,0.0,0.0,0.0,7.0,9.0,10.0,0.0,2.0,0.0,IND
2025,player_stefanie_dolson,0.0,1.0,20.0,14.0,29.0,0.0,0.0,11.0,0.0,0.0,0.0,3.0,11.0,3.0,0.0,1.0,0.0,WAS
2025,player_stephanie_talbot,2.0,6.0,28.0,18.0,40.0,0.0,0.0,21.0,0.0,0.0,0.0,5.0,2.0,9.0,0.0,3.0,0.0,NYL
2025,player_sug_sutton,2.0,2.0,48.0,37.0,83.0,0.0,0.0,35.0,2.0,0.0,0.0,15.0,2.0,25.0,0.0,4.0,0.0,WAS
2025,player_sydney_colson,0.0,1.0,7.0,6.0,35.0,0.0,0.0,16.0,0.0,0.0,0.0,6.0,2.0,10.0,0.0,1.0,0.0,IND
2025,player_taylor_thierry,2.0,0.0,4.0,1.0,1.0,0.0,0.0,0.0,0.0,0.0,0.0,0.0,0.0,1.0,0.0,0.0,0.0,ATL
2025,player_te_hina_paopao,0.0,1.0,13.0,7.0,44.0,0.0,1.0,20.0,0.0,0.0,0.0,12.0,0.0,8.0,0.0,3.0,0.0,ATL
2025,player_teaira_mccowan,0.0,1.0,29.0,22.0,16.0,0.0,0.0,2.0,0.0,0.0,0.0,3.0,10.0,0.0,0.0,1.0,0.0,DAL
2025,player_temi_fagbenle,2.0,2.0,36.0,26.0,58.0,1.0,0.0,14.0,0.0,0.0,0.0,6.0,21.0,12.0,0.0,4.0,0.0,GSV
2025,player_tiffany_hayes,14.0,2.0,80.0,64.0,49.0,0.0,0.0,22.0,0.0,0.0,0.0,13.0,0.0,12.0,0.0,2.0,0.0,GSV
2025,player_tiffany_mitchell,2.0,1.0,47.0,35.0,24.0,1.0,0.0,4.0,0.0,0.0,0.0,5.0,5.0,4.0,0.0,4.0,1.0,LVA
2025,player_tina_charles,14.0,1.0,196.0,168.0,82.0,2.0,0.0,29.0,0.0,0.0,1.0,20.0,9.0,11.0,0.0,10.0,0.0,CON
2025,player_tyasha_harris,0.0,0.0,2.0,2.0,3.0,0.0,0.0,0.0,0.0,0.0,0.0,0.0,0.0,3.0,0.0,0.0,0.0,DAL
2025,player_veronica_burton,31.0,4.0,189.0,166.0,94.0,1.0,1.0,51.0,0.0,0.0,0.0,17.0,3.0,19.0,0.0,1.0,1.0,GSV
2025,player_zia_cooke,0.0,4.0,23.0,15.0,22.0,0.0,0.0,9.0,0.0,0.0,0.0,4.0,1.0,7.0,0.0,1.0,0.0,SEA
